id,first_name,last_name,email,gender,city,birthday,weight,height
1,Tabor,Bradick,tbradick0@aboutads.info,Male,Sumberpandan,1966-05-10,115,177
2,Mollee,Gallyhaock,mgallyhaock1@bloglines.com,Female,,1925-04-10,90,196
3,Forrest,Scarasbrick,fscarasbrick2@columbia.edu,Male,Vreshtas,,,155
4,Terrijo,Kindread,tkindread3@economist.com,Female,,1972-03-12,,174
5,Malachi,Strathman,mstrathman4@csmonitor.com,Male,Hacıqabul,1968-03-17,82,191
6,Ermentrude,Merring,emerring5@blogtalkradio.com,Female,Neundeut,1923-05-03,70,167
7,Benson,McFetrich,,Male,‘Afak,1954-12-19,117,
8,Phillipp,Gresser,pgresser7@4shared.com,Male,,,93,160
9,Osborne,Le Maitre,olemaitre8@telegraph.co.uk,Male,Bombon,,114,182
10,Darleen,Penright,dpenright9@paginegialle.it,Female,,1957-08-24,55,155
11,Ty,Dimitrie,tdimitriea@google.es,Male,,,101,163
12,Jocko,Kynder,jkynderb@vimeo.com,Male,Richmond,1955-02-16,68,181
13,Stacee,Sieur,,Male,Lisovi Sorochyntsi,1921-05-05,43,167
14,Witty,Litherborough,wlitherboroughd@virginia.edu,Male,Zhutang,1966-08-29,111,
15,Kelby,Gregs,kgregse@netscape.com,Male,Uthai Thani,,,196
16,Charita,Coyne,ccoynef@nymag.com,Female,Marmashen,,101,158
17,Wallie,Gifkins,wgifkinsg@vkontakte.ru,Female,Nezlobnaya,,109,174
18,Maxim,O'Toole,motooleh@weather.com,Male,Montpellier,1960-10-24,100,
19,Rica,Bondy,,Female,Bom Jesus dos Perdões,,69,199
20,Tedd,Derdes,,Male,Sułoszowa,,99,160
21,Mahalia,Shovelton,mshoveltonk@ibm.com,Female,,,,175
22,Valentijn,Giacobelli,vgiacobellil@sourceforge.net,Male,Zeguo,1921-12-10,,171
23,Jakie,Kisbee,jkisbeem@weather.com,Male,,1945-08-12,,166
24,Myron,Saffer,msaffern@gov.uk,Male,Bezerros,1975-08-11,88,169
25,Catlaina,Crandon,ccrandono@kickstarter.com,Female,,,48,
26,Leesa,Tickle,lticklep@example.com,Female,,1940-07-27,64,199
27,Arden,Deighton,adeightonq@bloomberg.com,,Lesichevo,,88,168
28,Byron,Pellamont,bpellamontr@telegraph.co.uk,Male,,,54,191
29,Verna,Cohn,,Female,Keli,,49,164
30,Kelila,Hapke,,Female,Komi,,75,160
31,Dale,Kirkbright,,Male,Joroinen,,69,199
32,Brandy,Sebert,,Male,Załuski,,42,151
33,Carey,Singleton,csingletonw@ifeng.com,Female,Shuiting,1928-02-25,118,181
34,Mateo,Grinval,mgrinvalx@fema.gov,Male,,,55,182
35,Ingra,Landall,ilandally@acquirethisname.com,Male,Oklahoma City,1979-03-13,,159
36,Hans,Gooderham,hgooderhamz@bbc.co.uk,Male,,,44,165
37,Christoffer,Rowland,crowland10@java.com,Male,Huyang,,,168
38,Berny,Cobbe,bcobbe11@facebook.com,Male,Jarash,,44,161
39,Krissie,Bambrough,kbambrough12@ovh.net,,Mbumi,,116,181
40,Ferd,Skepper,fskepper13@cam.ac.uk,Male,Dongdai,1982-02-27,119,158
41,Constancia,Smythin,,,Negararatu,1963-08-05,,161
42,Christoper,Ferriby,,Male,Tumaco,,48,186
43,Giovanni,Mc Carroll,,Male,,,,163
44,Galvan,Berry,gberry17@xing.com,Male,Gumaus,2005-01-05,53,154
45,Tamqrah,Cresswell,tcresswell18@auda.org.au,Female,Alis,,62,164
46,Cassie,D'Adda,cdadda19@delicious.com,Female,,,93,183
47,Kali,Linnit,klinnit1a@tinyurl.com,Female,Shanghu,1954-09-22,57,196
48,Donaugh,Spens,dspens1b@japanpost.jp,Male,,,40,186
49,Allene,Bowler,abowler1c@pinterest.com,Female,Ngchesar Hamlet,,67,156
50,Tallie,Darkott,tdarkott1d@homestead.com,Female,Kawit,,98,165
51,Daniella,Uebel,duebel1e@aboutads.info,Female,Monte Alegre,,85,189
52,Anatol,Clapison,aclapison1f@mapy.cz,Male,Cértegui,,,
53,Dalenna,Fransewich,,Female,Salam,,47,160
54,Hazel,Glading,,,,1971-07-02,101,193
55,Karee,Eudall,keudall1i@ifeng.com,Female,,1997-03-24,,155
56,Gino,Rogger,,Male,Mamer,,45,182
57,Jennee,Doust,jdoust1k@java.com,Female,Maple Plain,1956-11-22,101,200
58,Allison,Linggard,alinggard1l@nhs.uk,Female,Krasnomayskiy,,86,167
59,Rudy,Templeton,,Male,Penticton,1996-02-29,49,181
60,Maximilian,Couthard,mcouthard1n@rediff.com,Male,Vallehermoso,,107,
61,Tanya,Murison,tmurison1o@state.gov,Female,,1941-01-08,67,174
62,Lizette,Keyhoe,lkeyhoe1p@smh.com.au,Female,Concordia,2003-02-22,60,154
63,Alyss,Werndly,awerndly1q@blogtalkradio.com,,São Joaquim,2000-06-02,45,176
64,Zaria,Ilott,zilott1r@angelfire.com,Female,Thị Trấn Yên Thịnh,1941-04-05,116,151
65,Geno,Dietmar,gdietmar1s@marriott.com,Male,Novoukrainskiy,,47,159
66,Maynard,Dainton,mdainton1t@wordpress.org,Male,Yaodu,,110,200
67,Drucie,Caughan,,Female,Dordrecht,,117,190
68,Eartha,Shelper,eshelper1v@rakuten.co.jp,Female,Song’ao,1982-04-01,66,168
69,Mortimer,Capelen,,Male,Yangcun,,92,163
70,Filmore,Marcroft,fmarcroft1x@harvard.edu,Male,Hägersten,2000-10-17,43,191
71,Una,Shuttle,ushuttle1y@icq.com,Female,Ostuncalco,,,182
72,Kattie,Tavernor,ktavernor1z@hao123.com,Female,Monaghan,,83,
73,Allin,Piggin,apiggin20@networksolutions.com,Male,Buluh Kasap,,65,184
74,Dael,Palmar,dpalmar21@meetup.com,Male,Longxi,,62,152
75,Gwennie,Russon,grusson22@vkontakte.ru,Female,,,107,174
76,Wynn,Luquet,wluquet23@mozilla.com,Female,Nangan,1924-08-17,118,161
77,Gennifer,Neeve,,Female,Täby,,71,
78,Sherie,Portal,sportal25@google.ru,Female,,2008-01-11,89,155
79,Tailor,Essberger,tessberger26@spotify.com,Male,Babice,1923-09-09,76,189
80,Xenia,Jandac,xjandac27@blogger.com,Female,,,77,
81,Ursula,Treagus,utreagus28@ifeng.com,Female,Catbalogan,,79,
82,Edward,Popov,epopov29@fc2.com,Male,,1946-11-24,,193
83,Samara,Corsham,scorsham2a@nyu.edu,Female,Jitian,1977-01-23,93,182
84,Jesse,Colmer,jcolmer2b@usatoday.com,Female,,,93,164
85,Dore,Jandac,djandac2c@nifty.com,Female,,1984-11-01,77,
86,Ketty,Antosik,kantosik2d@rambler.ru,Female,Koper,1987-07-06,105,175
87,Demetris,Chomley,dchomley2e@fotki.com,Male,,1936-06-05,106,155
88,Liane,Wintle,lwintle2f@meetup.com,Female,Kindersley,,78,167
89,Abner,Goacher,,Male,,,113,182
90,Betti,Romanini,bromanini2h@skyrock.com,Female,,2005-03-29,65,155
91,Ollie,Martynka,,Male,Perdões,1937-01-04,100,200
92,Tallia,Dufore,tdufore2j@dot.gov,Female,,1946-04-12,94,166
93,Dolores,Trevain,,Female,,1953-02-11,113,199
94,Codie,Crawshay,ccrawshay2l@bluehost.com,Female,Sukorejo,1974-06-14,95,192
95,Bekki,Bramham,,Female,Al ‘Alamayn,,84,
96,Bill,Beven,bbeven2n@histats.com,Female,Loma Bonita,1982-06-20,48,160
97,Guthry,Botha,gbotha2o@dion.ne.jp,Male,Tonghu,,,158
98,Trix,Stratz,tstratz2p@irs.gov,Female,Sal’sk,1937-05-19,,179
99,Joyce,Ullock,jullock2q@va.gov,Female,Mayhan,1992-05-26,100,182
100,Shirlene,Oliphand,soliphand2r@flickr.com,Female,Banjar Yehsatang,1932-11-02,58,180
101,Christoffer,Geeson,cgeeson2s@washingtonpost.com,Male,,1935-07-21,45,154
102,Becca,Newing,,Female,,,116,171
103,Osmund,Northin,onorthin2u@people.com.cn,Male,Hanjia,1948-05-02,,185
104,Godiva,Longland,,Female,Tianta,,40,192
105,Lindsay,Goodbanne,lgoodbanne2w@amazon.de,Male,,1942-12-25,119,179
106,Terese,Sparkes,tsparkes2x@clickbank.net,Female,Guará,,117,
107,Tann,Bennison,tbennison2y@is.gd,Male,Wanmingang,,95,195
108,Branden,Gillam,bgillam2z@kickstarter.com,Male,,1987-08-19,87,166
109,Audre,Bick,abick30@google.ru,Female,Kaiyun,1983-03-15,41,173
110,Tessie,Handlin,thandlin31@gravatar.com,Female,El Valle del Espíritu Santo,,82,199
111,Tabbatha,Shuard,tshuard32@dmoz.org,Female,,,80,152
112,Cassie,Burgwyn,cburgwyn33@dagondesign.com,Female,Banjar Susut Kaja,1978-05-24,69,171
113,Ebenezer,Bonham,ebonham34@npr.org,Male,Chuncheon,,109,
114,Cecil,Silkston,,Male,Ylihärmä,,66,180
115,Hussein,Kennermann,hkennermann36@tumblr.com,Male,,,,156
116,Stanislaw,Donat,sdonat37@chicagotribune.com,Male,Esil,1971-03-10,95,180
117,Bertrando,Chinery,bchinery38@yahoo.co.jp,Male,Matur,1935-09-15,74,196
118,Pat,Najafian,pnajafian39@discovery.com,Male,Sinhyeon,,,200
119,Dorothee,Creswell,dcreswell3a@paypal.com,Female,Tiemen,,80,
120,Jose,Bratley,jbratley3b@boston.com,Male,,,63,177
121,Amanda,Sackett,,Female,,,44,195
122,Cad,McIlwrick,cmcilwrick3d@addthis.com,Male,Poshekhon’ye,,,181
123,Judas,Dongall,jdongall3e@nature.com,Male,Trinaterra,,88,167
124,Reynolds,Matejovsky,rmatejovsky3f@163.com,Male,Orlando,1940-09-21,114,161
125,Ardith,Pigdon,apigdon3g@4shared.com,Female,Lasi Dua,1979-07-13,42,162
126,Yolande,Brimicombe,ybrimicombe3h@ft.com,Female,,,114,186
127,Ernaline,Andrusyak,eandrusyak3i@constantcontact.com,,Santa Catarina,1965-05-07,73,159
128,Merrile,Tillett,mtillett3j@usgs.gov,Female,,1979-09-07,,179
129,Lia,Brunelli,lbrunelli3k@netscape.com,Female,Non Sang,1961-11-30,118,166
130,Marillin,Shreenan,mshreenan3l@go.com,,Hua Sai,1944-11-30,66,153
131,Vonny,Mulqueeny,vmulqueeny3m@phoca.cz,Female,,1932-12-14,91,154
132,Eleanore,Leftley,eleftley3n@sina.com.cn,Female,Jiaomingsi,,51,172
133,Jolene,Hancorn,jhancorn3o@feedburner.com,Female,Narok,2003-03-10,60,180
134,Price,Flintoft,,Male,Kihniö,1984-11-18,69,177
135,Ferd,Gofford,,Male,,,73,
136,Sandro,Carwithan,scarwithan3r@acquirethisname.com,Male,,,108,166
137,Bessy,Langstone,blangstone3s@dell.com,Female,,1990-04-13,65,188
138,Rosabel,Jockle,rjockle3t@wunderground.com,Female,,2005-02-07,69,
139,Elke,McIllrick,emcillrick3u@nba.com,Female,Providencia,1921-06-05,99,166
140,Edmund,Lay,,,Nazaré,,61,177
141,Gannie,Beavis,gbeavis3w@hubpages.com,,Hořice,,101,
142,Martguerita,Jacquet,mjacquet3x@arizona.edu,Female,,,106,172
143,Barret,Avarne,bavarne3y@yelp.com,Male,Fëdorovskoye,1931-12-11,93,166
144,Yolanthe,Chatt,,Female,Gurupi,1976-06-25,,166
145,Pernell,Colecrough,,Male,,1926-11-02,94,180
146,Jordain,Stripling,jstripling41@msu.edu,Female,Jurangjero,,43,183
147,Sonia,Cullingworth,scullingworth42@homestead.com,Female,,,84,177
148,Cesya,Hotton,,Female,Sophia Antipolis,2009-05-04,51,160
149,Katusha,Bedbury,kbedbury44@nymag.com,Female,,,69,166
150,Cecilia,Empringham,cempringham45@statcounter.com,Female,Dzerzhinsk,,48,151
151,Aridatha,Allom,aallom46@webs.com,Female,Cagnes-sur-Mer,1995-10-31,76,166
152,Winston,Evemy,wevemy47@guardian.co.uk,Male,Phu Sang,1983-05-30,,156
153,Jessamyn,Matzel,jmatzel48@clickbank.net,Female,,1956-12-13,,
154,Glynnis,Shervington,gshervington49@google.pl,Female,Bobolice,,76,
155,Forbes,Cotton,fcotton4a@hc360.com,Male,Monastyryshche,1941-11-12,72,173
156,Victoria,Bellison,vbellison4b@wikia.com,Female,Otwock,,59,
157,Grantley,Giraudoux,ggiraudoux4c@comsenz.com,Male,,1968-12-29,65,158
158,Gearard,Signoret,,Male,,1945-07-05,,195
159,Marya,Reese,,,,1994-11-13,,189
160,Colman,Biner,,Male,Bacuyangan,1956-05-19,111,151
161,Tawnya,Clutton,,Female,Najd al Jumā‘ī,1938-12-23,,193
162,Nathalia,Philipson,nphilipson4h@buzzfeed.com,Female,Ullubiyaul,1979-08-03,43,160
163,Antonino,Rosier,,Male,Sérvia,1928-01-13,,183
164,Tallie,Talboy,ttalboy4j@ox.ac.uk,Male,Xijiao,,,174
165,Ki,Pople,kpople4k@unc.edu,Female,,1993-07-15,80,181
166,Alikee,Blemings,ablemings4l@yolasite.com,Female,Buliu,1962-07-11,44,157
167,Cahra,Rickertsen,,Female,Pacucha,,,151
168,Arabel,Matzel,amatzel4n@wp.com,Female,Perugia,,109,200
169,Cass,Conner,cconner4o@dyndns.org,Female,Hulu,,94,188
170,Shandeigh,Dickins,sdickins4p@sogou.com,Female,Serravalle,1986-02-18,102,
171,Lucie,Hayter,lhayter4q@t-online.de,Female,Nanfeng,1982-06-07,88,186
172,Vasilis,Delamere,vdelamere4r@ehow.com,Male,Kurume,1956-10-22,91,
173,Goldi,Van den Oord,,Female,,,59,196
174,Calida,Mayte,,Female,Ishii,,84,168
175,Julius,Corradi,jcorradi4u@photobucket.com,,,,79,158
176,Jenda,Glaserman,jglaserman4v@boston.com,Female,Cibiru,1927-10-31,,155
177,Barty,Hoodless,bhoodless4w@netvibes.com,Male,,,49,
178,Colleen,Coleborn,ccoleborn4x@home.pl,Female,Kolyubakino,2008-11-28,72,191
179,Buffy,Jaggard,,Female,,1992-08-01,78,180
180,Kerianne,Weinmann,kweinmann4z@vimeo.com,Female,Almada,1968-01-06,71,158
181,Ileane,Dracksford,idracksford50@moonfruit.com,Female,Malāyer,1996-01-22,63,162
182,Crysta,Newsham,cnewsham51@g.co,Female,Bakov nad Jizerou,2009-10-12,97,166
183,Ariana,Olander,aolander52@hhs.gov,Female,Oebai,2002-10-21,120,154
184,Thomasa,Banisch,tbanisch53@europa.eu,Female,,1928-08-26,,
185,Loren,Michurin,lmichurin54@godaddy.com,Male,Lodwar,1922-09-28,73,167
186,Stephi,Tidbold,stidbold55@linkedin.com,Female,Poitiers,,47,190
187,Tessie,Stadding,tstadding56@opera.com,Female,,1980-08-17,84,192
188,Ewell,Sawyers,esawyers57@eepurl.com,Male,Yunlong,,105,192
189,Giovanni,Ryrie,gryrie58@acquirethisname.com,,Širvintos,,101,191
190,Gran,Reary,greary59@naver.com,Male,Kanália,,51,193
191,Nikoletta,Warricker,nwarricker5a@yelp.com,Female,,,105,196
192,Denny,Khristoforov,dkhristoforov5b@vkontakte.ru,Female,Quibdó,2003-12-21,51,193
193,Nettie,Morse,nmorse5c@yelp.com,Female,,,109,185
194,Elmore,Booy,ebooy5d@behance.net,Male,Orange,1930-01-24,81,200
195,Ysabel,Paolino,ypaolino5e@delicious.com,Female,,1929-07-14,70,178
196,Jobina,Jandera,jjandera5f@imgur.com,Female,Tarrafal,,103,195
197,Benn,Adamovich,badamovich5g@friendfeed.com,Male,Jiadingzhen,1942-02-14,,196
198,Laurette,McRinn,lmcrinn5h@umn.edu,Female,New York City,,48,166
199,Michel,Grimsdell,mgrimsdell5i@cnbc.com,Female,Winseler,1994-11-25,56,195
200,Alex,Tschirasche,,Female,San Sebastián de Yalí,,74,186
201,Jilli,Fiddyment,jfiddyment5k@google.com,Female,Parung,1933-11-15,104,173
202,Bay,Hastilow,,Male,Damai,,,168
203,Tadeo,Moatt,tmoatt5m@earthlink.net,Male,Brandýs nad Labem-Stará Boleslav,2000-12-04,57,193
204,Elva,Morby,,Female,Duma,1931-10-18,101,
205,Teirtza,Chapelle,,Female,,,57,199
206,Nikolaos,Lawson,nlawson5p@cocolog-nifty.com,Male,,1963-03-09,91,154
207,Prentiss,Aldwich,paldwich5q@taobao.com,Male,,1959-11-11,87,187
208,Hallie,Cayette,hcayette5r@amazon.co.jp,Female,,1948-10-17,74,199
209,Sherri,Tinn,,Female,Brataj,,107,197
210,Teirtza,Terrazzo,tterrazzo5t@yandex.ru,Female,Zator,1925-04-11,,174
211,Berke,Broadhurst,bbroadhurst5u@thetimes.co.uk,Male,Shirokovskiy,1974-11-11,40,189
212,Sheff,Oseman,soseman5v@clickbank.net,Male,Castries,1937-01-18,104,186
213,Arleyne,Patzelt,apatzelt5w@japanpost.jp,Female,Armash,1965-08-11,56,162
214,Leonhard,Wermerling,lwermerling5x@uol.com.br,Male,Douba,,65,172
215,Raphael,Antwis,rantwis5y@bandcamp.com,Male,Madara,1924-01-12,120,179
216,Stacie,Slucock,,Female,Petushki,,40,
217,Anne-marie,Withers,awithers60@ftc.gov,Female,Alemanguan,1959-04-03,105,189
218,Marlow,Sollner,msollner61@deliciousdays.com,Male,,1969-11-15,60,
219,Lyndsey,Dibnah,,Female,,1934-03-13,92,166
220,Beatrix,Winsley,,Female,Laxey,1983-07-29,106,181
221,Joanie,Eardley,jeardley64@sitemeter.com,Female,,2010-07-11,,181
222,Stephanie,Ezzy,sezzy65@npr.org,Female,Patrocinio,,81,171
223,Mignon,Staton,mstaton66@narod.ru,Female,,,108,196
224,Godard,Fleg,gfleg67@reference.com,Male,Vetluzhskiy,,100,200
225,Hubert,Busch,hbusch68@hhs.gov,Male,Sabanalarga,,117,196
226,Ingar,Petroff,,Male,Candelaria,1973-12-05,,153
227,Cyrille,Lancett,clancett6a@freewebs.com,Male,Gan Yavne,1944-04-12,,173
228,Jenica,Folland,jfolland6b@wp.com,Female,Sączów,,72,157
229,Mina,Featherston,mfeatherston6c@github.io,Female,,1990-08-13,,152
230,Yuma,Godbald,,Male,Cimenga,1998-05-16,111,198
231,Fields,Kinder,fkinder6e@storify.com,,Hägersten,1936-02-12,73,152
232,Helenka,Tann,htann6f@bizjournals.com,Female,Mangochi,,103,162
233,Jereme,Ridel,jridel6g@cdbaby.com,Male,Xingang,1997-02-14,64,168
234,Staffard,Cristofolo,scristofolo6h@sitemeter.com,Male,Shtip,1995-02-25,,165
235,Roarke,Benmore,,Male,Ramalhal,2000-12-06,99,156
236,Christel,Marklow,cmarklow6j@feedburner.com,Female,Aeka,,117,164
237,Moss,Pigny,,Male,Limoeiro do Norte,,,187
238,Randene,McIlraith,rmcilraith6l@yahoo.com,Female,Maromme,,104,190
239,Lilli,Lidstone,,Female,Summerside,,100,165
240,Xerxes,Kirwin,xkirwin6n@google.ca,Male,Jundian,,111,177
241,Harcourt,Killwick,hkillwick6o@flickr.com,Male,Bocaiúva,,,
242,Rodrique,Flintoft,rflintoft6p@ning.com,Male,Kodamachō-kodamaminami,,57,190
243,Melissa,Sterland,msterland6q@biglobe.ne.jp,Female,Crato,1993-11-22,46,179
244,Billie,Mumbey,,Female,Ashkāsham,,49,
245,Hayward,Conford,hconford6s@lulu.com,Male,Tit Mellil,2008-08-11,116,197
246,Katalin,Bonnell,kbonnell6t@cam.ac.uk,,San Vicente,2000-06-28,50,197
247,Karin,Jodrelle,kjodrelle6u@imdb.com,,Dubravica,,72,195
248,Reeta,Shalloo,rshalloo6v@diigo.com,Female,,,85,179
249,Wilbur,Rodolphe,wrodolphe6w@e-recht24.de,Male,,,57,165
250,Siouxie,Danshin,sdanshin6x@cdc.gov,,,2006-08-31,63,164
251,Oliver,Caroli,,Male,,,86,160
252,Jemima,Tamblyn,,Female,,,85,177
253,Maximilian,Dilliway,mdilliway70@tinyurl.com,Male,,1955-01-28,,160
254,Lori,Maccrae,lmaccrae71@mozilla.org,Female,Killam,,41,174
255,Giffy,Farres,gfarres72@fastcompany.com,Male,Pankovka,,,167
256,Sutherland,Merring,smerring73@state.tx.us,Male,Ekerö,,46,198
257,Tadeas,Trippitt,ttrippitt74@un.org,Male,Margorejo,,75,173
258,Mersey,Langan,mlangan75@guardian.co.uk,Female,Qingshan,1923-05-20,61,168
259,Lowrance,Thurlbourne,,Male,Matriz de Camaragibe,1951-04-30,60,169
260,Lucina,Stennes,,Female,,,94,164
261,Hammad,Dibden,hdibden78@joomla.org,Male,Qarah Bāgh Bāzār,,41,167
262,Estrellita,Wathall,ewathall79@123-reg.co.uk,Female,Cill Airne,,118,154
263,Adelina,Kerss,akerss7a@utexas.edu,Female,Taklale,,112,195
264,Mano,Rubinovici,,Male,Rāmhormoz,1948-02-10,109,177
265,Ced,Galgey,cgalgey7c@timesonline.co.uk,Male,Wilmington,2003-03-22,79,185
266,Alina,Long,,Female,San Antonio,,76,182
267,Dominick,Tuvey,dtuvey7e@tamu.edu,Male,Togitsu,,,191
268,Aksel,Mottram,amottram7f@smh.com.au,Male,Kushiro,,91,162
269,Sergei,Sayburn,ssayburn7g@sohu.com,Male,Issoudun,,57,195
270,Salomo,Jordon,,Male,,,69,173
271,Tessy,Billyeald,,Female,,1969-05-27,94,157
272,Saba,Tidd,stidd7j@ning.com,Female,Bang Racham,1952-04-28,58,189
273,Broderic,Hickin,,,,1973-03-27,66,159
274,Frederick,Senner,fsenner7l@bloglovin.com,Male,,1997-11-17,47,154
275,Christoffer,Maytum,cmaytum7m@ning.com,Male,Heqian,,42,191
276,Ebony,How to preserve,ehowtopreserve7n@google.ru,Female,,1949-11-25,101,
277,Farlie,Jennins,fjennins7o@ehow.com,Male,Vasilikón,,81,177
278,Emmye,Fleg,efleg7p@google.com,Female,Tanggulangin,1977-01-17,,162
279,Dolli,Classen,dclassen7q@vistaprint.com,Female,,2003-12-11,88,179
280,Dalis,Gowthorpe,,Male,Nanyang,,120,193
281,Issiah,Jaksic,ijaksic7s@timesonline.co.uk,Male,Žitenice,,115,178
282,Otho,Deas,odeas7t@cisco.com,Male,,1984-11-24,75,163
283,Wiley,Menloe,wmenloe7u@uiuc.edu,Male,,1930-07-31,62,
284,Guthrey,Eade,geade7v@opensource.org,Male,Dongyong,,56,164
285,Kele,Lobell,klobell7w@imgur.com,Male,,1992-12-17,112,156
286,Vida,Bortoletti,vbortoletti7x@ca.gov,Female,,,113,
287,Kalinda,Wassell,kwassell7y@shutterfly.com,Female,Villa Consuelo,,72,194
288,Pooh,Baugham,pbaugham7z@amazon.co.jp,Female,Hongkeli,1936-01-05,,182
289,Davita,Taberer,dtaberer80@livejournal.com,,Urug,1921-05-11,72,194
290,Harold,Tiplady,htiplady81@google.co.jp,Male,Bailadores,,79,200
291,Lowell,Yearby,,Male,,,88,191
292,Heddi,Cullerne,hcullerne83@icq.com,Female,,,103,179
293,Gibbie,Happel,,Male,Nahāvand,,89,172
294,Lance,Doore,,Male,Panjir,1987-04-20,68,196
295,Cherin,Bohike,cbohike86@woothemes.com,Female,Baldone,,114,151
296,Morris,Nickless,mnickless87@sogou.com,Male,Mehona,1978-02-23,42,
297,Krishna,Tomicki,ktomicki88@independent.co.uk,Male,,1961-04-01,44,178
298,Agustin,Dumingos,adumingos89@example.com,Male,La Palma,1990-06-01,89,159
299,Evyn,Dargue,edargue8a@goo.ne.jp,Male,,,90,166
300,Arlin,Hurt,ahurt8b@techcrunch.com,,Belovo,,,186
301,Genevra,Billany,gbillany8c@live.com,Female,,,116,192
302,Meta,Rishman,mrishman8d@ning.com,Female,Huashi,1942-10-21,107,
303,Fonz,Gavin,fgavin8e@timesonline.co.uk,Male,Maţāy,1971-11-23,72,158
304,Doralin,Satterly,dsatterly8f@businesswire.com,Female,Tsurusaki,,87,153
305,Gisele,Snooks,gsnooks8g@wufoo.com,Female,Ibiporã,2002-06-24,58,187
306,Bernetta,Aylmore,baylmore8h@eepurl.com,Female,Mlangali,1933-02-17,,173
307,Haleigh,Fley,hfley8i@dion.ne.jp,Female,Folques,1997-11-25,115,151
308,Silvanus,Bragginton,sbragginton8j@bloomberg.com,Male,,1946-06-10,58,158
309,Gallagher,Sargeaunt,gsargeaunt8k@bigcartel.com,Male,,1981-03-13,73,195
310,Reese,Alesio,ralesio8l@eventbrite.com,Male,Sorochuco,,,177
311,Teressa,Schirach,tschirach8m@exblog.jp,Female,Donnacona,1944-10-15,,180
312,Heindrick,Hulks,hhulks8n@qq.com,Male,Descalvado,,56,158
313,Berkley,Sellek,bsellek8o@aboutads.info,Male,Qianjiang,,63,157
314,Flynn,Sellors,fsellors8p@constantcontact.com,Male,Masingbi,,103,187
315,Morgana,Pyrah,mpyrah8q@tripadvisor.com,Female,Deba Habe,1949-12-28,51,166
316,Dorolice,Cakebread,dcakebread8r@uol.com.br,Female,Марино,,117,200
317,Eduard,Lumbers,elumbers8s@ted.com,Male,,,63,197
318,Ced,Mixworthy,cmixworthy8t@slate.com,Male,Caldas da Felgueira,1995-01-01,88,161
319,Gardener,Atkins,gatkins8u@deliciousdays.com,Male,Cashel,1927-02-02,85,165
320,Noelyn,Niese,nniese8v@over-blog.com,Female,Mukacheve,,40,171
321,Peter,Archbald,parchbald8w@google.es,Male,Cennan,,76,
322,Tybie,Martignoni,tmartignoni8x@time.com,Female,Sala,,42,174
323,Kanya,Borrell,kborrell8y@timesonline.co.uk,Female,,1990-01-08,92,157
324,Che,Attwill,cattwill8z@china.com.cn,Male,,1990-12-21,,
325,Andrei,Coldbath,,Female,,,115,179
326,Brennan,Ewing,bewing91@reuters.com,Male,Yunga,,,178
327,Sharron,Annott,sannott92@economist.com,Female,,,92,169
328,Decca,Bladen,dbladen93@woothemes.com,Male,Shache,1969-12-16,80,151
329,Muhammad,Ferneley,mferneley94@wordpress.com,Male,Flin Flon,,95,168
330,Lezlie,Lyosik,llyosik95@ft.com,,Tegalrejo,1969-03-20,115,191
331,Gerrilee,Hansod,ghansod96@disqus.com,Female,Pellegrini,1961-07-01,,
332,Gabey,Bentje,gbentje97@comcast.net,Female,El Perico,1940-08-06,109,163
333,Frazier,Grumell,fgrumell98@indiatimes.com,Male,Nanhai,1956-07-14,120,165
334,Georgia,Roggero,groggero99@123-reg.co.uk,Female,,1987-01-05,114,167
335,Murielle,Waddingham,,,Pniewy,1996-03-28,119,
336,Abbye,Thurlbeck,,Female,,1994-10-23,107,170
337,Allen,Kington,akington9c@yandex.ru,,Estaca,,119,157
338,Heidie,Stuchbury,hstuchbury9d@wix.com,Female,,1944-08-19,89,
339,Sidney,Nerney,,Male,San Isidro,1984-10-02,90,183
340,Levey,McGannon,,,Baqiu,2000-12-14,117,186
341,Lorene,Gunnell,lgunnell9g@moonfruit.com,Female,‘Afīf,,93,199
342,Ronny,Osgordby,,Male,Mabalacat,1948-05-14,77,152
343,Cello,Stear,,Male,,,65,179
344,Anne,Jeacop,,Female,Port Glaud,1969-11-18,53,175
345,Elsie,Limbrick,elimbrick9k@ed.gov,Female,Doba,1950-06-06,55,195
346,Lynnet,Denzilow,ldenzilow9l@patch.com,Female,,1988-07-31,84,193
347,Mohandas,Baalham,mbaalham9m@aol.com,,Novaya Lyalya,,,161
348,Evelyn,Tipling,etipling9n@apache.org,Female,Sardasht,1977-07-18,50,169
349,Dode,Wistance,dwistance9o@pagesperso-orange.fr,Female,,1950-02-14,,164
350,Clemence,Scanterbury,,Female,,2003-02-25,68,197
351,Ivan,Breheny,,Male,Peña,1978-04-17,46,
352,Decca,Tillett,,Male,,,65,166
353,Kent,Maybey,kmaybey9s@hibu.com,Male,Tumpukrenteng,2005-06-01,77,161
354,Pasquale,Bimson,pbimson9t@pbs.org,Male,Misheronskiy,2007-04-07,91,
355,Janine,Gair,,Female,La Talaudière,1966-11-27,106,157
356,Kenneth,Edds,kedds9v@biglobe.ne.jp,Male,Dar es Salaam,1954-02-12,103,
357,Sybilla,Melendez,smelendez9w@tinyurl.com,Female,Rrapë,1977-05-29,73,159
358,Bridie,Hindenberger,bhindenberger9x@paginegialle.it,Female,Beishan,,99,182
359,Roxine,Ladewig,rladewig9y@engadget.com,Female,Guadalupe,,98,168
360,Omero,Doole,odoole9z@statcounter.com,Male,Cidadap,2000-11-21,,180
361,Estevan,Camel,,Male,Paraisópolis,,81,180
362,Francesco,Dady,fdadya1@smh.com.au,Male,Aachen,2005-06-26,43,180
363,Cordi,Mylchreest,cmylchreesta2@theatlantic.com,Female,Batulawang,,42,158
364,Berget,Jervis,bjervisa3@wp.com,Female,Pamakayo,,,176
365,Vincenz,Trenam,,Male,Bus’k,2002-03-09,,155
366,Rriocard,Michal,rmichala5@soundcloud.com,Male,Karangtawar,,86,166
367,Lil,Hawkswood,lhawkswooda6@mlb.com,Female,,1925-12-24,104,192
368,Jerry,Pawels,jpawelsa7@comsenz.com,Female,Tempuran,,,163
369,Hubert,Freeman,hfreemana8@multiply.com,Male,Miłakowo,,47,177
370,Merci,Woodward,mwoodwarda9@apple.com,Female,Antalaha,1952-10-26,54,184
371,Winny,Beviss,wbevissaa@t.co,Female,Ursk,1952-02-18,87,200
372,Huntlee,Late,hlateab@vimeo.com,Male,Basīrpur,2007-05-20,49,
373,Clemente,Vila,,Male,Phanom Phrai,2003-06-12,102,184
374,Wat,Luckings,wluckingsad@yahoo.com,Male,,,40,
375,Kaela,Prop,kpropae@netvibes.com,Female,Bultfontein,,54,200
376,Dino,Wollacott,dwollacottaf@wired.com,Male,,,99,154
377,Betsey,Grimsey,bgrimseyag@lycos.com,Female,,,60,167
378,Thacher,Volkes,,Male,,1977-03-16,51,154
379,Hasheem,Brabyn,hbrabynai@google.pl,Male,Štěchovice,1987-05-23,,190
380,Fulton,Rops,,Male,,,44,182
381,Millard,Liptrod,mliptrodak@angelfire.com,Male,Yaypan,1967-03-01,103,171
382,Michail,Beall,mbeallal@smugmug.com,Male,Longtou’an,,108,173
383,Jaquelin,Bloxham,,Female,Santo Estêvão,1955-10-31,47,
384,Tarrah,Curro,,Female,Ono,,96,198
385,Deni,Sidworth,dsidworthao@phpbb.com,,Bucu Lor,1987-11-09,49,171
386,Katine,Elham,kelhamap@engadget.com,Female,,1952-08-12,102,193
387,Trip,Cogan,tcoganaq@free.fr,Male,Ylämaa,,,184
388,Westbrooke,Janoschek,wjanoschekar@vk.com,Male,Nardaran,1952-12-28,103,179
389,Aguistin,Chown,,Male,Akhmīm,1927-01-10,44,179
390,Tarah,Simone,tsimoneat@hatena.ne.jp,Female,,1921-10-01,46,157
391,Lise,Westhoff,lwesthoffau@163.com,Female,Hengshui,1969-11-04,60,163
392,Bartholomeo,Geraud,bgeraudav@who.int,Male,Delmas,,,179
393,Barbi,Revely,brevelyaw@dagondesign.com,Female,Bunda,1944-11-16,,185
394,Rozanna,Valasek,rvalasekax@purevolume.com,Female,,,110,189
395,Tammi,Frounks,,Female,Wadi Kidul,,54,160
396,Auroora,Sanpere,asanpereaz@globo.com,Female,Zhongyuanlu,1954-10-08,59,189
397,Emmye,Lowerson,elowersonb0@github.io,Female,Roslavl’,,104,168
398,Kerwinn,Tortis,ktortisb1@ucoz.ru,Male,,1944-08-09,113,170
399,Farris,Mathiasen,fmathiasenb2@netscape.com,Male,Tunasbaru,1929-12-06,,161
400,Jolene,Bletcher,jbletcherb3@smugmug.com,Female,Mococa,1949-04-16,78,151
401,Alberto,Alman,aalmanb4@tiny.cc,Male,Skulsk,1963-08-31,51,174
402,Kennith,Rabjohns,krabjohnsb5@phoca.cz,Male,Galis Dua,,70,165
403,Townie,Cooksley,tcooksleyb6@nationalgeographic.com,Male,Si Bun Rueang,1933-09-17,87,156
404,Cordy,Karby,,Male,Dolno Palčište,1997-11-11,106,184
405,Gena,Partrick,gpartrickb8@studiopress.com,Female,Xuelu,1976-02-09,95,
406,Giffie,Luigi,,Male,Dian-ay,1949-01-25,,181
407,Vance,Slograve,vslograveba@wikipedia.org,Male,Sarnów,,,173
408,Cherie,Bougourd,,Female,Guadalupe,,109,176
409,Gianni,Wilmington,gwilmingtonbc@xing.com,Male,Leśna Podlaska,1992-03-29,107,191
410,Roderigo,Jollie,rjolliebd@msu.edu,Male,,1977-08-23,58,
411,Mandel,Bendare,mbendarebe@dailymotion.com,Male,Sudikampir,1923-03-01,95,195
412,Janetta,Claybourne,jclaybournebf@columbia.edu,Female,Jardinópolis,1995-08-21,114,184
413,Charleen,Boleyn,cboleynbg@pcworld.com,Female,Sabandia,1939-05-05,85,156
414,Arden,Mullins,amullinsbh@over-blog.com,Female,,,91,
415,Rhodie,Jansema,,Female,Soho,1923-09-06,48,199
416,Ashleigh,Aldred,,Female,Papatowai,,115,
417,Lon,Grady,lgradybk@latimes.com,Male,Dian-ay,,107,158
418,Janette,Badman,jbadmanbl@qq.com,Female,Głubczyce,,60,181
419,Lorant,Lyfield,,Male,Carcavelos,,67,160
420,Sadella,Shreeves,sshreevesbn@dagondesign.com,Female,Gaspra,1982-02-18,87,168
421,Fannie,Guiraud,fguiraudbo@examiner.com,Female,Viedma,1993-09-24,97,159
422,Sal,Inkles,sinklesbp@google.com.au,Male,Xixia,,120,
423,Reggie,Crothers,rcrothersbq@mozilla.com,Female,Puteran Kidul,1953-08-09,90,150
424,Shelton,Gaynesford,sgaynesfordbr@histats.com,Male,Jingdang,,103,
425,Worden,De Malchar,wdemalcharbs@bravesites.com,Male,,,103,185
426,Darrick,Billborough,dbillboroughbt@unicef.org,Male,Dinaig,1957-02-12,88,193
427,Scot,Tweede,stweedebu@youtu.be,Male,,1993-07-03,105,
428,Josephina,Leversha,jlevershabv@umn.edu,Female,Catbalogan,1940-04-22,68,177
429,Shep,Cruxton,scruxtonbw@paginegialle.it,Male,,1942-12-06,68,184
430,Ivan,Pitceathly,ipitceathlybx@amazon.de,Male,,1996-01-11,,188
431,Letisha,Stamper,lstamperby@smh.com.au,Female,Paris 07,,70,
432,Zelda,Shemwell,zshemwellbz@ftc.gov,Female,,,,157
433,Erny,Mazillius,emazilliusc0@baidu.com,Male,,1943-12-29,108,174
434,Jennee,Mitchley,jmitchleyc1@hp.com,Female,Jundian,,89,
435,Kaiser,Aikenhead,kaikenheadc2@sogou.com,Male,,1941-06-25,72,169
436,Lucienne,Bulgen,lbulgenc3@blinklist.com,Female,,,119,157
437,Nike,Brightey,nbrighteyc4@nasa.gov,Female,Ad Dujayl,,52,171
438,Jeremias,Sillis,jsillisc5@slashdot.org,Male,Liuliping,,120,
439,Gloriana,Wayne,gwaynec6@nydailynews.com,Female,,1978-07-15,61,163
440,Amberly,Somes,asomesc7@desdev.cn,Female,,1933-11-04,,173
441,Ricky,Purry,rpurryc8@meetup.com,Male,,,,180
442,Brandea,Flintoffe,,Female,Brades,,79,179
443,Jamey,Daborn,,Male,,1933-08-21,,164
444,Rafaelita,Stenet,rstenetcb@cnbc.com,Female,,2001-12-17,100,183
445,Willy,Leeds,wleedscc@xinhuanet.com,Female,,1959-08-25,44,174
446,Alyss,Salvidge,asalvidgecd@uol.com.br,Female,El Paso,1954-06-21,86,
447,Frederick,Shanklin,fshanklince@seattletimes.com,Male,Vasyshcheve,1921-09-03,57,184
448,Fayette,Massimo,fmassimocf@tumblr.com,Female,Sergelen,1961-07-24,71,
449,Berke,Filshin,bfilshincg@mapquest.com,Male,Itsandra,,119,173
450,Marilee,Duckett,mduckettch@google.de,Female,,1977-04-11,53,191
451,Ricard,Geockle,,Male,Touba,1994-01-20,76,
452,Bondy,Petticrow,bpetticrowcj@is.gd,Male,Kāleke Mandi,1991-03-15,43,193
453,Georas,Dalligan,,Male,Dahe,1962-04-13,83,172
454,Gisele,Ellph,gellphcl@bloglovin.com,Female,Utsjoki,1962-08-19,42,160
455,Lesly,Shilvock,,Female,Tsaghkadzor,1944-06-04,,191
456,Tad,Houlaghan,thoulaghancn@illinois.edu,Male,Kongtian,1964-03-10,105,169
457,Ban,Daftor,bdaftorco@nps.gov,Male,San Francisco,1974-10-29,87,195
458,Base,Trobridge,btrobridgecp@mayoclinic.com,Male,Heredia,1931-09-03,111,157
459,Katleen,Yele,kyelecq@salon.com,Female,São Bartolomeu,,78,184
460,Ardenia,Patillo,,Female,Drammen,1992-12-29,75,187
461,Abran,McVicar,amcvicarcs@mapquest.com,Male,Mineiros,1923-07-19,73,158
462,Jenilee,Minall,jminallct@youtu.be,Female,Svenljunga,,103,153
463,Laughton,Hambly,,Male,,,99,
464,Deerdre,Luby,dlubycv@wikimedia.org,Female,,1975-07-18,41,173
465,Antonella,Sheber,ashebercw@weebly.com,Female,Bankaw,,92,156
466,Babs,Dunsire,bdunsirecx@cnn.com,Female,Huanghu,,72,154
467,Basia,Gunda,,Female,,1977-12-29,102,168
468,Nessa,Scrowston,,Female,Banjar Taro Kelod,,,199
469,Frieda,Gemlbett,fgemlbettd0@feedburner.com,Female,Fengren,1944-06-23,56,193
470,Jarvis,Poppleton,jpoppletond1@google.com.br,Male,,1965-01-13,54,169
471,Romonda,Quare,,Female,Yahe,1949-10-30,,189
472,Freeland,Davydoch,fdavydochd3@dailymotion.com,Male,Maubin,1968-02-27,77,
473,Allister,Clemits,aclemitsd4@tinypic.com,Male,Dolo,1921-12-16,103,165
474,Lucian,Goadbie,lgoadbied5@ning.com,Male,,,114,190
475,Jordana,Vahey,,Female,Baykit,1925-10-02,90,153
476,Catie,MacGuiness,cmacguinessd7@ft.com,Female,Älvdalen,,61,164
477,Lola,Klaas,lklaasd8@nih.gov,Female,Haninge,1950-12-08,101,166
478,Sibella,Preedy,spreedyd9@xing.com,Female,,,,161
479,Rudiger,Bineham,,Male,Mabiton,1940-11-19,64,164
480,Nanon,Bolmann,,Female,,1997-01-11,83,
481,Latrina,Disley,ldisleydc@nps.gov,Female,Banjar Sedang,,107,169
482,Sheff,Burchell,sburchelldd@webs.com,Male,Novopokrovskaya,,57,157
483,West,Lantaph,wlantaphde@youtube.com,Male,Chacabuco,1963-08-10,74,157
484,Thia,Paoletti,,Female,Piaocao,1929-02-02,57,180
485,Lorry,Wicklen,lwicklendg@cdc.gov,,,1996-05-10,55,151
486,Elvis,Pennycook,epennycookdh@squarespace.com,Male,,,,
487,Teador,Jeannesson,tjeannessondi@xrea.com,Male,Hangkou,,74,188
488,Wilfrid,Padkin,wpadkindj@delicious.com,,Luoxiong,,96,195
489,Muffin,Nutley,mnutleydk@ifeng.com,Female,Yuzui,1990-09-18,91,
490,Ara,Spaven,aspavendl@nsw.gov.au,Female,,,60,162
491,Isa,Fish,ifishdm@mapquest.com,Male,Daying,,53,200
492,Pietrek,Artrick,partrickdn@fc2.com,Male,Greensboro,,87,180
493,Mariel,Halworth,mhalworthdo@hp.com,Female,Niedzica,1934-08-16,117,178
494,Katusha,Durbann,,Female,Cimuncang,1979-04-19,92,179
495,Demetre,Wadly,dwadlydq@t.co,Male,Carrefour,1980-01-22,,160
496,Cristy,Boulger,,Female,,2010-09-26,88,154
497,Randall,Eyles,reylesds@wired.com,Male,Centralniy,,78,178
498,Loreen,McCurdy,lmccurdydt@pbs.org,Female,,,58,193
499,Dorrie,Mapholm,,Female,Mehtar Lām,2000-11-04,118,191
500,Ellis,Bauldry,ebauldrydv@icio.us,Male,,1924-04-27,40,198
501,Jud,Thick,jthickdw@utexas.edu,Male,,,,161
502,Annalise,Truter,atruterdx@columbia.edu,Female,,1932-05-07,83,172
503,Brent,Feechum,bfeechumdy@ca.gov,Male,,,55,176
504,Templeton,Eliasen,,Male,Gonzalo Pizarro,1921-06-08,101,194
505,Barbi,Chiese,,Female,,2000-04-02,,199
506,Carie,Claughton,cclaughtone1@angelfire.com,,,2000-06-13,106,
507,Loralie,Danilyuk,ldanilyuke2@forbes.com,Female,Fengshou,2008-05-07,,154
508,Corinne,Valens-Smith,,Female,Xinji,2005-03-17,65,189
509,Stephen,Camings,,Male,Dukuhturi,,41,155
510,Mateo,Ishak,mishake5@whitehouse.gov,Male,Mabasa,1945-09-14,79,161
511,Philip,Escoffier,pescoffiere6@moonfruit.com,Male,Shingū,1998-06-23,106,
512,Lanni,Mereweather,,Female,Finzes,1941-01-02,120,174
513,Vincents,Buntain,vbuntaine8@bigcartel.com,Male,Huiwan,1995-05-30,,171
514,Codie,Barrass,,Male,Biała,1952-01-09,,164
515,Farah,Honnan,fhonnanea@berkeley.edu,Female,,,,157
516,Farr,Sherlock,fsherlockeb@discovery.com,Male,Kamenka,1965-05-31,47,161
517,Petronille,Pummery,,Female,,1952-11-20,110,200
518,Holden,Rimour,hrimoured@ovh.net,Male,Miramar,1989-11-13,108,198
519,Nevin,Meus,nmeusee@is.gd,Male,Miraflores,1982-11-15,116,
520,Brigg,Keyson,bkeysonef@netlog.com,Male,João Monlevade,,78,173
521,Herschel,Bonnar,hbonnareg@cdc.gov,Male,Zhiqu,1999-08-13,64,195
522,Michal,Balme,mbalmeeh@yolasite.com,Male,Wilczyce,1956-12-12,64,195
523,Camey,Lemonby,clemonbyei@google.cn,Male,Jiuzhou,,74,169
524,Eada,Pottes,epottesej@mashable.com,Female,,1956-05-04,74,166
525,Haley,Sloyan,hsloyanek@scientificamerican.com,Male,Ithari,,92,165
526,Brenda,Vanyard,,Female,,,91,186
527,Miquela,Crudge,,Female,Karema,1926-04-16,63,170
528,Clemente,Wallhead,,Male,Taotang,,106,190
529,Kenny,Duddell,kduddelleo@nba.com,Male,Wuyang,,,187
530,Findlay,Toderini,ftoderiniep@howstuffworks.com,Male,,,77,192
531,Winni,Steger,wstegereq@salon.com,Female,La Sebala du Mornag,,40,160
532,Darsey,Scrivenor,dscrivenorer@miibeian.gov.cn,Female,Al Khafjī,1935-07-08,43,164
533,Jesus,Tilne,jtilnees@spotify.com,,,1929-11-15,76,182
534,Clarey,Abby,cabbyet@163.com,Female,,1947-09-08,92,197
535,Leandra,Ingerfield,lingerfieldeu@ocn.ne.jp,Female,Mozdok,1992-06-01,109,168
536,Aleece,Kempster,akempsterev@netscape.com,Female,,1978-07-02,49,166
537,Padgett,Russon,,Male,Neuilly-sur-Seine,1940-03-25,44,198
538,Kaitlyn,Anthon,kanthonex@bing.com,Female,Savitaipale,1964-06-04,,154
539,Rollins,Bassford,rbassfordey@theatlantic.com,Male,Cibeureum Kidul,,97,161
540,Kaye,Blondell,kblondellez@intel.com,Female,San Isidro de Lules,,85,192
541,Sebastien,Sergeant,,Male,As Sayyānī,2009-11-30,120,179
542,Kennan,Sparsholt,ksparsholtf1@blogspot.com,,Skrzydlna,,40,176
543,Trudy,Forsdyke,tforsdykef2@xinhuanet.com,Female,Itu,1966-09-21,61,160
544,Emile,Forder,eforderf3@weather.com,Male,,1921-11-26,54,
545,Montgomery,Vamplew,mvamplewf4@abc.net.au,Male,,1956-12-08,,197
546,Angel,Pleuman,apleumanf5@blogs.com,Female,Palestina,1965-07-25,45,154
547,Marsha,Tomisch,mtomischf6@ocn.ne.jp,Female,Mīrābād,,77,177
548,Arabel,Bayliss,,Female,RMI Capitol,1931-06-06,81,184
549,Kory,Casterton,kcastertonf8@booking.com,Male,Daugai,1973-10-04,104,153
550,Orland,Finlan,ofinlanf9@slate.com,,,1969-06-06,59,173
551,Mona,Boor,mboorfa@yale.edu,Female,Sidi Redouane,2004-03-17,49,
552,Felice,Muir,fmuirfb@amazon.com,Male,Concordia,1990-10-04,44,154
553,Ana,Morilla,,Female,,1956-04-17,82,151
554,Clea,Pibsworth,,,Murom,1962-02-26,47,169
555,Jeremias,Jarvis,jjarvisfe@youtube.com,Male,Agdangan,1949-01-26,100,188
556,Tannie,Haylands,thaylandsff@drupal.org,Male,Mondragon,2001-01-20,107,
557,Sunshine,Lapthorn,slapthornfg@cbsnews.com,Female,Potrerillos,2003-06-24,100,195
558,Nobe,Strongitharm,nstrongitharmfh@businessinsider.com,Male,,1958-07-31,,
559,Willabella,Casserly,wcasserlyfi@vinaora.com,Female,Kabukarudi,1981-01-25,104,152
560,Cordie,Scotson,cscotsonfj@desdev.cn,Female,,,112,155
561,Dorrie,McGrirl,dmcgrirlfk@irs.gov,Female,Kompóti,,77,162
562,Aida,Heineke,aheinekefl@usgs.gov,Female,,,60,184
563,Joe,Bickerdicke,jbickerdickefm@prweb.com,Male,,1985-06-15,84,197
564,Kiley,Bearne,kbearnefn@nydailynews.com,,Primero de Mayo,1984-05-25,65,173
565,Deane,Rabat,,Female,Bedalewun,1959-09-09,45,172
566,Felic,Mont,fmontfp@sitemeter.com,Male,,,,190
567,Frazier,Gonzalo,,Male,Wolanów,,83,162
568,Velma,Craft,vcraftfr@soundcloud.com,Female,,,93,188
569,Lindsay,Northleigh,lnorthleighfs@ucoz.com,Female,Volzhskiy,1967-09-06,,183
570,Darby,Colaton,,Male,Luodian,,97,163
571,Roderigo,Falloon,rfalloonfu@mtv.com,Male,,1964-06-27,106,163
572,Goldia,Dufer,gduferfv@quantcast.com,Female,,,99,171
573,Sara,Mayes,smayesfw@t-online.de,Female,,1990-07-25,103,182
574,Colas,Haugeh,chaugehfx@jiathis.com,Male,Breia,,112,167
575,Marty,Dullingham,mdullinghamfy@adobe.com,Male,Las Vegas,,120,162
576,Ross,Hogben,rhogbenfz@1und1.de,Male,,,69,184
577,Ailbert,MacFarlan,amacfarlang0@webnode.com,Male,,1970-12-30,61,158
578,Amil,MacCoughan,amaccoughang1@yahoo.co.jp,Female,,1938-02-01,65,170
579,Hayyim,McGrann,hmcgranng2@weather.com,,Nanmo,1962-08-14,99,198
580,Alick,Lankham,alankhamg3@bigcartel.com,Male,Achanizo,,118,184
581,Fanny,Sine,fsineg4@home.pl,,Arcueil,1973-08-08,63,186
582,Phil,Vasilechko,pvasilechkog5@geocities.com,Male,,1978-10-04,80,161
583,Hurlee,Aujouanet,haujouanetg6@macromedia.com,Male,Sanban,1928-04-12,98,150
584,Christy,O'Curran,cocurrang7@sbwire.com,Female,Yege,1996-06-15,106,
585,Nanci,Broske,nbroskeg8@wordpress.com,,,1922-09-02,75,168
586,Caroline,Keysall,ckeysallg9@slashdot.org,Female,El Rosario,,108,
587,Morie,Pilger,mpilgerga@digg.com,Male,Fazenda de Santa Cruz,,77,183
588,Waldon,Willatts,wwillattsgb@japanpost.jp,Male,Macatuba,1944-02-09,55,
589,Andy,Bierling,abierlinggc@ucoz.ru,Female,Zhutang,,74,190
590,Chrisy,Moar,cmoargd@sourceforge.net,Male,,1929-12-15,,177
591,Junie,Carss,jcarssge@icq.com,Female,,,111,
592,Sibella,Kemp,skempgf@marketwatch.com,Female,Palecenan,1999-04-04,119,169
593,Korey,Sallinger,,Male,Klang,1950-05-24,,178
594,Ronni,Clynter,rclyntergh@reverbnation.com,Female,Banjar Kelodan,,75,159
595,Kaylyn,Ackermann,kackermanngi@oracle.com,Female,Xiangcheng,,48,180
596,Lazaro,Dodgshun,ldodgshungj@drupal.org,Male,Levallois-Perret,1946-03-24,69,176
597,Richmound,Leggat,rleggatgk@stanford.edu,Male,Rizal,2004-09-30,94,168
598,Artair,Ace,aacegl@is.gd,Male,Utarapasar,1986-06-23,56,188
599,Gardie,Brereton,gbreretongm@hatena.ne.jp,Male,Ilihan,1956-03-25,81,
600,Philly,Whittock,pwhittockgn@canalblog.com,Female,Boujniba,,84,166
601,Enrika,Bucke,,Female,Sanhu,1964-01-08,75,191
602,Roxana,Bratt,rbrattgp@so-net.ne.jp,Female,Dunlewy,1984-05-14,,164
603,Courtnay,Casaletto,ccasalettogq@nytimes.com,Male,,1992-07-20,,165
604,Calypso,Pickthorne,cpickthornegr@ow.ly,Female,,1973-10-23,74,164
605,Susanne,Bearn,sbearngs@meetup.com,Female,San Francisco,,50,154
606,Reinold,Strelitz,,Male,Tianchi,,99,182
607,Gusti,Tenaunt,gtenauntgu@auda.org.au,Female,Xinhuang,,62,169
608,Lara,Behr,,Female,Skhirat,,46,196
609,Virgie,Roe,vroegw@baidu.com,Male,Skene,,47,196
610,Agace,Chamberlayne,achamberlaynegx@slashdot.org,Female,Xingpinglu,,60,163
611,Sonnie,Antonias,santoniasgy@issuu.com,Male,Chã Grande,2003-10-05,,
612,Meade,Cadany,mcadanygz@ifeng.com,Female,,,72,168
613,Fiann,Riccardi,friccardih0@craigslist.org,Female,,1923-08-06,94,157
614,Keelby,Fernant,kfernanth1@miitbeian.gov.cn,Male,Tianzhou,,49,191
615,Burtie,Atterbury,batterburyh2@people.com.cn,Male,Soure,,92,180
616,Kaleb,Flecknoe,kflecknoeh3@ovh.net,Male,,,89,195
617,Claudelle,Ingliss,cinglissh4@cnbc.com,Female,Chakari,,102,
618,Waverly,Mangeon,wmangeonh5@bigcartel.com,Male,Dédougou,,102,174
619,Sibyl,Juara,sjuarah6@ox.ac.uk,Male,,,,159
620,Raina,Gullberg,rgullbergh7@earthlink.net,Female,Jardoeira,1982-12-15,112,185
621,Kort,Schach,kschachh8@alibaba.com,Male,,1986-05-06,89,188
622,Omar,Schuricke,oschurickeh9@live.com,Male,Toledo,1982-11-25,101,157
623,Bertine,Bondar,,Female,Uruçuca,,,161
624,Hailey,Dinan,hdinanhb@tripadvisor.com,Male,Casalinho,1965-09-25,77,168
625,Gerek,Selman,gselmanhc@qq.com,Male,Banī Suwayf,,71,151
626,Bartlet,Twycross,btwycrosshd@deliciousdays.com,Male,Chiscas,,92,157
627,Issi,Woodroff,iwoodroffhe@google.com.br,Female,,2002-01-07,53,183
628,Cornie,Mix,,Male,Qingduizi,,109,188
629,Kenny,Warstall,kwarstallhg@narod.ru,Male,‘Anat al Qadīmah,1978-12-07,64,158
630,Neddie,Bamell,nbamellhh@bbb.org,Male,,2000-01-19,68,162
631,Brand,Kennedy,bkennedyhi@harvard.edu,Male,Stare Miasto,1949-02-20,,165
632,Garald,Foyster,gfoysterhj@usgs.gov,Male,Bacelo,1977-05-14,63,
633,Waylon,Easterby,weasterbyhk@linkedin.com,Male,Poxi,1964-10-29,117,154
634,Saudra,Grzes,sgrzeshl@flavors.me,Female,,,66,193
635,Svend,Napleton,snapletonhm@usnews.com,Male,Xin’an,,,178
636,Barbara-anne,Binns,bbinnshn@ucoz.com,Female,Skórcz,,69,158
637,Alister,Tilston,atilstonho@unblog.fr,Male,Port Sudan,1974-12-31,55,174
638,Lauren,Meakes,,Male,,,,200
639,Maryrose,Moffatt,mmoffatthq@tinyurl.com,Female,Tver,1985-09-08,120,190
640,Rudolph,Giovannelli,,Male,Zhirnovsk,1921-08-18,109,156
641,Lowell,Belf,lbelfhs@businesswire.com,Male,Atocha,1939-11-04,91,
642,Barnabas,Tommen,,Male,,1942-06-30,113,196
643,Frannie,Raysdale,fraysdalehu@bing.com,,Banjar Gunungpande,1956-02-18,115,169
644,Roby,Dymott,rdymotthv@gnu.org,Female,,1981-03-11,48,186
645,Joshia,Bentick,jbentickhw@reference.com,Male,Kudang,1959-12-06,80,175
646,Craggie,Gosby,cgosbyhx@epa.gov,Male,Chengtian,,,178
647,Arliene,Colmer,acolmerhy@hao123.com,Female,Kuršumlija,,94,197
648,Von,Livezey,vlivezeyhz@purevolume.com,Male,Ô Môn,,59,178
649,Norrie,Ambrogetti,nambrogettii0@engadget.com,Male,Tadabliro,1931-04-06,117,186
650,Zed,Sidey,zsideyi1@bbc.co.uk,Male,,1986-10-08,49,176
651,Man,Vaggers,,Male,Türkmenabat,1989-04-10,,193
652,Claudian,Skarr,cskarri3@posterous.com,,Masaya,1993-02-17,83,151
653,Fremont,Seviour,fseviouri4@washingtonpost.com,Male,Kuanda,,52,158
654,Rawley,Bazley,rbazleyi5@jalbum.net,Male,Kalmar,1964-07-03,110,187
655,Sigmund,Goodram,sgoodrami6@hostgator.com,Male,,,86,182
656,Mycah,Stiegar,mstiegari7@discuz.net,Male,Bogorodsk,1928-06-16,95,165
657,Olin,Bertrand,,Male,Rerawere,1976-03-15,41,181
658,Donny,Roan,droani9@nymag.com,Female,Ciduren,1933-09-25,65,170
659,Robbyn,Cambling,rcamblingia@oaic.gov.au,Female,Kaizuka,2007-11-20,61,185
660,Aluin,Colomb,acolombib@fda.gov,Male,,,99,192
661,Andres,Wistance,awistanceic@biblegateway.com,Male,Khlong Luang,1971-06-12,74,
662,Reidar,Glanz,rglanzid@barnesandnoble.com,Male,Buray,,68,157
663,Baron,Menci,bmenciie@unc.edu,Male,København,,51,188
664,Grace,Sibley,gsibleyif@ucoz.ru,Male,Qiman,1933-08-15,58,184
665,Lia,Focke,lfockeig@amazon.de,Female,Anshan,1937-01-22,101,196
666,Elsworth,Ianne,,,,,64,167
667,Chadd,Jarman,cjarmanii@multiply.com,Male,Burujul,2008-10-11,70,162
668,Mureil,Christescu,mchristescuij@ycombinator.com,Female,Morelos,,89,174
669,Edgar,Olliff,eolliffik@nasa.gov,Male,,2009-09-29,41,196
670,Carley,Beedell,cbeedellil@nyu.edu,Female,Cigembor,1938-08-15,86,200
671,Othello,Plewright,oplewrightim@skype.com,Male,Gostyń,1950-07-04,58,171
672,Rubin,Sammars,rsammarsin@domainmarket.com,Male,Szubin,1994-07-03,117,
673,Rodrique,Mouan,rmouanio@ning.com,Male,,1993-06-05,48,180
674,Prue,Scrine,pscrineip@ocn.ne.jp,Female,Yaypan,1995-02-14,112,168
675,Henry,Duffell,hduffelliq@jugem.jp,Male,Novozybkov,2010-03-06,113,199
676,Carmelina,Manterfield,cmanterfieldir@stumbleupon.com,Female,Sangatta,,70,
677,Saudra,Dawid,sdawidis@phpbb.com,Female,,1960-03-04,51,176
678,Sandye,Iley,sileyit@ihg.com,,Chandmanĭ,1972-02-14,68,152
679,Banky,Lafford,blaffordiu@arstechnica.com,Male,La Colorada,,69,180
680,Leontyne,Broome,,Female,,,,170
681,Ximenez,Seers,,Male,Bayanhongor,1941-07-10,48,198
682,Reggis,Sainer,rsainerix@i2i.jp,Male,Pang,,73,194
683,Jonathon,Tinman,jtinmaniy@angelfire.com,Male,Krajan Langenharjo,,68,189
684,Maddie,McMillan,mmcmillaniz@disqus.com,Male,Primero de Enero,,86,163
685,Jude,Harmes,jharmesj0@ox.ac.uk,,Sannikovo,1975-04-09,118,150
686,Cortney,Lepper,,Female,,1964-03-13,41,162
687,Cherice,Rollitt,crollittj2@mapquest.com,Female,Qiucun,1997-08-05,74,
688,Sidnee,Selly,ssellyj3@indiegogo.com,Male,,,77,156
689,Monti,Cotte,mcottej4@cyberchimps.com,Male,Esposende,1995-07-09,,187
690,Sonnie,Wilse,swilsej5@yellowpages.com,,Koina,1937-06-05,92,152
691,Randy,Somerton,rsomertonj6@patch.com,Female,Pavlodar,1927-09-12,,170
692,Ollie,Stooders,,Male,Weepanapi,1925-01-10,78,160
693,Martguerita,Acarson,,Female,Paraisópolis,,49,177
694,Curry,Cordelle,ccordellej9@loc.gov,Male,Slobodka,1930-09-03,94,194
695,Judd,Claussen,jclaussenja@paginegialle.it,Male,Yanguan,1953-04-10,68,198
696,Toiboid,Juorio,tjuoriojb@aol.com,Male,,,,
697,Winthrop,Elen,welenjc@networkadvertising.org,Male,,1993-05-22,91,150
698,Reade,Simondson,,,,,,173
699,Derward,Durrett,,Male,Yamaga,1924-04-14,115,177
700,Read,O'Crowley,rocrowleyjf@issuu.com,Male,Kaz,1965-09-12,80,188
701,Rosamund,Mustill,rmustilljg@toplist.cz,,Stronie,,85,175
702,Natalie,Laugier,nlaugierjh@topsy.com,Female,,1982-08-14,86,168
703,Corby,Snowding,csnowdingji@diigo.com,Male,,1950-01-01,57,175
704,Dame,Ingle,dinglejj@com.com,Male,Zaragoza,1965-09-17,70,196
705,Thaddeus,Wittrington,twittringtonjk@ifeng.com,Male,,,88,186
706,Bar,Harrismith,bharrismithjl@tiny.cc,Male,Lanlacuni Bajo,2001-04-16,77,195
707,Hallie,Doche,hdochejm@indiegogo.com,Female,Okinawa Número Uno,,70,179
708,Domeniga,Majury,,Female,Lenīnskīy,1997-05-13,95,188
709,Franky,Rudledge,frudledgejo@cdc.gov,,Espírito Santo do Pinhal,1930-11-16,,157
710,Adriane,Kiezler,akiezlerjp@nbcnews.com,Female,Zhenkou,,95,164
711,Charles,Conroy,,,,1947-05-30,77,
712,Myrtle,Chin,,Female,Kapiri Mposhi,1940-08-21,47,178
713,Gwyneth,Joffe,,Female,,1939-08-19,107,194
714,Penelopa,Bigby,pbigbyjt@plala.or.jp,Female,,,53,185
715,Tris,McIlwraith,tmcilwraithju@engadget.com,Male,Itanhaém,,83,158
716,Mirabelle,Conan,mconanjv@apple.com,Female,,,101,194
717,Trace,Foskin,tfoskinjw@flavors.me,,,1927-03-05,,152
718,Tamra,Shutte,tshuttejx@parallels.com,Female,Daming,,,162
719,Olav,Hince,ohincejy@cpanel.net,Male,Jinshan,1945-06-29,96,157
720,Ely,Kaindl,ekaindljz@scientificamerican.com,Male,Sivaki,1959-06-19,46,199
721,Jory,Restieaux,,Male,Weixin,,71,170
722,Christye,Hourstan,chourstank1@squidoo.com,,,1998-08-26,72,195
723,Auberon,Iacovuzzi,,Male,,,78,184
724,Mariana,Dyster,mdysterk3@ft.com,Female,,,75,184
725,Denny,Raddenbury,,Female,Puchong,1953-12-07,,
726,Morley,Noke,mnokek5@flickr.com,Male,,1982-07-15,88,187
727,Henry,Vockings,,Male,Ketian,,69,152
728,Brittan,Postan,bpostank7@java.com,Female,Kaseda-shirakame,1931-09-03,106,
729,Maurits,Pettiford,mpettifordk8@blogs.com,Male,,1957-12-26,56,164
730,Nancey,Haffner,nhaffnerk9@google.nl,Female,Surenavan,1955-06-12,96,
731,Terrel,Killingworth,tkillingworthka@blogtalkradio.com,Male,,,,151
732,Morgen,Blenkhorn,,Female,Guanshan,1924-06-14,85,163
733,Urbanus,Caunt,ucauntkc@cafepress.com,Male,Dongjie,1984-12-03,100,183
734,Giovanna,Firle,gfirlekd@elegantthemes.com,Female,,1988-03-10,41,196
735,Gennie,McCurley,gmccurleyke@yelp.com,Female,Sumuran,1980-03-11,105,183
736,Glennie,Rowter,,Female,Villa General Belgrano,1946-08-12,62,193
737,Eleanore,Wheway,,Female,,1952-09-16,67,192
738,Karolina,Yakubowicz,kyakubowiczkh@lycos.com,Female,Itbayat,,91,151
739,Mirna,Di Pietro,mdipietroki@cargocollective.com,Female,Kotayk’,1973-01-21,,177
740,Jaimie,Probey,jprobeykj@harvard.edu,Male,Santa Rosa de Aguán,1991-02-12,119,200
741,Linn,Feaks,lfeakskk@buzzfeed.com,Male,Kisanga,1955-06-26,61,150
742,Mildred,Doylend,mdoylendkl@jimdo.com,Female,San Ramon,,,155
743,Rosa,Petty,rpettykm@purevolume.com,Female,,,81,185
744,Tom,Anscombe,tanscombekn@bravesites.com,Male,,1953-02-28,59,161
745,Kathy,Humberston,khumberstonko@state.gov,Female,,1923-08-26,54,184
746,Hamil,Featherstonhaugh,hfeatherstonhaughkp@networkadvertising.org,Male,Lishu,1954-01-03,86,194
747,Kesley,Desvignes,kdesvigneskq@vinaora.com,Female,,1929-08-17,54,156
748,Marsh,Abeau,mabeaukr@flickr.com,,Pursat,1968-05-11,92,155
749,Mycah,Vreiberg,mvreibergks@ftc.gov,Male,,1952-11-23,44,
750,Nathanial,Maskew,nmaskewkt@google.co.uk,Male,Sanjiazi,,46,200
751,Quillan,Profit,qprofitku@senate.gov,Male,Zhongshan Donglu,1963-12-07,88,
752,Howard,Puig,hpuigkv@slate.com,Male,Borovoy,1966-07-17,,187
753,Joete,Carrier,jcarrierkw@shinystat.com,,,,45,
754,Conn,Habron,chabronkx@miibeian.gov.cn,Male,,1977-11-07,67,
755,Daveta,Abbatt,dabbattky@histats.com,Female,Tabūk,1923-10-11,,184
756,Ted,D'Costa,,Female,Diré,,54,
757,Barbe,McTague,bmctaguel0@wikia.com,Female,Songshan,,67,161
758,Redford,Gillingham,rgillinghaml1@nationalgeographic.com,Male,Sandgerði,,73,200
759,Page,Bladen,pbladenl2@discuz.net,Female,Kalmar,1927-03-30,75,152
760,Aleece,Ovenden,aovendenl3@weibo.com,Female,,1923-03-16,103,195
761,Conni,Sisneros,,Female,,,86,150
762,Patricio,Saice,,Male,Klaeng,1960-05-02,49,168
763,Ilse,Inseal,,Female,,1940-02-06,59,163
764,Clo,Kuzemka,ckuzemkal7@fotki.com,Female,,1978-11-22,113,184
765,Ellette,Trineman,etrinemanl8@hao123.com,Female,San Buenaventura,1962-01-04,,
766,Vania,Wrigglesworth,,Female,Pagelaran,1939-05-16,43,172
767,Isis,Bastable,ibastablela@livejournal.com,Female,Velká nad Veličkou,,87,169
768,Seamus,Arendsen,sarendsenlb@nyu.edu,Male,Mutsu,1927-07-04,70,187
769,Berny,Aucock,baucocklc@clickbank.net,Female,Louta,,117,171
770,Anabelle,Massen,amassenld@networkadvertising.org,Female,,,72,179
771,Bendicty,Todhunter,,Male,Gungguh,,65,158
772,Jarid,Purches,,Male,Burūm,1965-07-20,117,174
773,Aila,Reeveley,areeveleylg@mtv.com,Female,Privlaka,1958-04-28,72,151
774,Orelle,Nottingam,onottingamlh@youku.com,Female,Pehuajó,,98,168
775,Shirline,Treacy,streacyli@ucoz.ru,Female,Morondava,1948-08-08,,
776,June,Pettman,,Female,Ínfias,1992-05-03,62,156
777,Lynnet,MacCaull,lmaccaulllk@themeforest.net,Female,El Carmen,1974-09-03,87,199
778,Rog,Comins,rcominsll@ucla.edu,Male,Kabankalan,,93,184
779,Corella,Duncklee,cdunckleelm@yandex.ru,Female,Cinangka,1956-09-30,83,200
780,Brynne,Filochov,,Female,,,97,165
781,Jozef,Bruckman,jbruckmanlo@cargocollective.com,Male,Dallas,,48,156
782,Andros,Harrington,aharringtonlp@opera.com,Male,Xaçmaz,1922-01-12,50,160
783,Kate,Loren,klorenlq@ihg.com,Female,Solok,,101,182
784,Kerrin,Joynes,,Female,Huillapima,,,194
785,Rosalie,Gouldstraw,rgouldstrawls@webmd.com,Female,,2000-03-17,93,192
786,Averil,MacCurlye,,Male,Glyadyanskoye,,94,172
787,Howey,Runacres,hrunacreslu@mashable.com,,Alavus,,,182
788,Jehu,McPharlain,,Male,Chiscas,,,183
789,Zack,Bamlett,zbamlettlw@google.pl,Male,,1935-03-19,117,165
790,Nahum,Siggers,nsiggerslx@reverbnation.com,Male,Simnas,2003-02-22,,177
791,Andrej,Claxton,aclaxtonly@ifeng.com,Male,Songjianghe,,,171
792,Leigha,Andreassen,landreassenlz@ibm.com,Female,,,90,156
793,Ina,Skillett,iskillettm0@elpais.com,Female,Shah Alam,,,176
794,Leicester,Prothero,lprotherom1@wiley.com,Male,Novonikol’sk,,117,178
795,Peterus,Frankcom,,Male,Pingdu,,91,174
796,Elna,Doddridge,edoddridgem3@pbs.org,Female,Pontes e Lacerda,1931-05-17,94,182
797,Prent,Guye,pguyem4@msn.com,Male,Oytal,1992-12-23,119,195
798,Zedekiah,Bassilashvili,zbassilashvilim5@woothemes.com,Male,Khvalynsk,1921-04-25,53,172
799,Rudolfo,Jeacocke,rjeacockem6@discuz.net,Male,Maoshan,1937-05-26,,170
800,Halie,Olding,holdingm7@friendfeed.com,Female,Huimin,,,151
801,Martguerita,Minero,mminerom8@deviantart.com,Female,,,99,151
802,Filbert,Le Merchant,,Male,,1950-06-16,87,196
803,Marc,Longland,mlonglandma@springer.com,Male,,1960-07-05,47,199
804,Priscella,Button,pbuttonmb@goodreads.com,Female,Göteborg,,,197
805,Raf,Lovelady,rloveladymc@issuu.com,Female,Lushan,1924-02-06,,168
806,Rhoda,Cathrall,rcathrallmd@answers.com,Female,Taipingying,,95,
807,George,Ducket,gducketme@webs.com,Female,Tadjoura,,,180
808,Adele,McSperron,amcsperronmf@ox.ac.uk,Female,Örbyhus,,42,180
809,Florian,Benger,,Male,Manggissari,,51,157
810,Brande,Jagg,bjaggmh@aol.com,Female,Kigali,1953-03-14,105,184
811,Selma,Matyushenko,smatyushenkomi@ocn.ne.jp,Female,Nong Chik,1956-05-30,78,200
812,Florry,Maciak,,Female,San Fernando,,51,196
813,Cynthea,Mee,cmeemk@sohu.com,Female,,1997-06-01,106,151
814,Leeann,Garlee,lgarleeml@clickbank.net,Female,Forquilhinha,1947-03-15,,157
815,Salvador,Haryngton,sharyngtonmm@scientificamerican.com,Male,Gaofeng,1959-11-11,,167
816,Joelly,Grelka,jgrelkamn@answers.com,Female,,,95,159
817,Fey,Exer,fexermo@scribd.com,Female,,,98,175
818,Siegfried,Caslane,scaslanemp@imgur.com,Male,Aurora,,70,
819,Christoforo,Duberry,cduberrymq@usda.gov,Male,,,96,194
820,Glenine,Barreau,gbarreaumr@booking.com,Female,,1931-06-16,96,198
821,Jeanie,Brimm,jbrimmms@dedecms.com,Female,,1926-06-03,42,168
822,Grayce,Lampart,glampartmt@aol.com,Female,Santa Valha,1986-07-30,107,180
823,Florencia,MacKimm,fmackimmmu@mtv.com,Female,,2002-08-03,105,185
824,Florella,Dufaur,,Female,Yankou,1989-06-27,48,161
825,Jeno,Poulson,jpoulsonmw@networkadvertising.org,Male,Valence,2002-11-30,82,167
826,Engracia,Peerman,epeermanmx@issuu.com,Female,Isyangulovo,1947-08-17,100,192
827,Fleur,Espinet,fespinetmy@forbes.com,Female,Gelap,,107,165
828,Bertrand,Gurton,bgurtonmz@nyu.edu,Male,Yong’an,,42,192
829,Shir,Goulter,sgoultern0@deliciousdays.com,Female,Descalvado,1925-02-14,,156
830,Jarrod,O'Dreain,,Male,,1958-12-19,41,150
831,Melicent,Hallock,,Female,Jocotán,1999-07-04,76,
832,Parry,Pallas,ppallasn3@unblog.fr,Male,,1985-08-25,42,178
833,Pavlov,Carnegie,pcarnegien4@cdc.gov,Male,Concepcion,1969-04-22,78,198
834,Harry,Lambertazzi,hlambertazzin5@bluehost.com,Male,,,,
835,Algernon,McGrowther,amcgrowthern6@icio.us,Male,Parzęczew,1955-09-13,77,199
836,Tracee,Banbridge,,Female,Xinglong,1933-04-08,120,162
837,Sheilah,Lackney,slackneyn8@cocolog-nifty.com,Female,Jeleuk,,89,170
838,Merridie,Trobe,mtroben9@geocities.com,Female,Port-aux-Français,2004-07-06,44,195
839,Sybil,Jirsa,sjirsana@arstechnica.com,Female,Waihibar,,109,200
840,Priscella,Craze,pcrazenb@hao123.com,Female,‘Alīābād-e Katūl,1988-11-07,57,176
841,Raymund,Huckabe,rhuckabenc@examiner.com,Male,,,81,159
842,Emilia,Blackford,eblackfordnd@salon.com,Female,,,62,154
843,Frederick,Spedding,,Male,Los Juríes,1925-05-05,71,195
844,Katherine,Huggen,khuggennf@jugem.jp,Female,Senhor do Bonfim,1970-02-11,111,156
845,Ruth,Whilder,,Female,Catriel,1948-03-22,93,154
846,Vinita,Gravestone,vgravestonenh@marketwatch.com,Female,Burhānuddin,2005-10-06,43,200
847,Olivier,Bilbrooke,obilbrookeni@archive.org,Male,Jubb Ramlah,1925-10-27,91,185
848,Lona,Allberry,lallberrynj@geocities.jp,Female,Thomastown,1928-06-23,,165
849,Katusha,Boulden,kbouldennk@washingtonpost.com,Female,,1981-10-11,65,187
850,Nestor,Dunican,ndunicannl@t.co,Male,Athlone,,119,175
851,Dyna,Avory,davorynm@desdev.cn,Female,Muye,,,179
852,Dorothee,Janko,djankonn@smh.com.au,Female,Troitsk,1959-11-24,80,161
853,Shep,Ladbrooke,sladbrookeno@weebly.com,,,1940-01-03,,
854,Conant,Pummell,cpummellnp@cafepress.com,Male,Danxi,1990-12-02,96,155
855,Hewie,Doumenc,hdoumencnq@apache.org,Male,Weda,1988-02-01,118,157
856,Cookie,Denniss,,Female,Juru,,42,
857,Godwin,Thomasson,,Male,,,60,
858,Thaine,Hinksen,thinksennt@java.com,Male,,,46,152
859,Fanni,Stanway,fstanwaynu@4shared.com,Female,,,73,197
860,Johnna,Dowbakin,jdowbakinnv@npr.org,Female,Brasília,1924-03-18,59,
861,Garrik,Skippon,gskipponnw@vistaprint.com,Male,,2006-06-28,103,
862,Andreana,Latan,alatannx@tumblr.com,Female,,1960-05-31,111,172
863,Shannan,Brambley,sbrambleyny@moonfruit.com,Male,,1947-02-05,53,158
864,Billie,Chishull,bchishullnz@msn.com,Male,,,79,169
865,Tabby,Margetson,tmargetsono0@themeforest.net,Male,Baiima,1951-05-06,61,158
866,Nita,Wilmut,nwilmuto1@imageshack.us,Female,Villeneuve-d'Ascq,,56,154
867,Modestia,Cowitz,mcowitzo2@tinyurl.com,Female,Winschoten,1970-04-22,83,
868,Tammie,Maffiotti,tmaffiottio3@devhub.com,,Hanau,1988-05-11,96,153
869,Mackenzie,Birkin,mbirkino4@army.mil,Male,General Galarza,1946-08-29,103,
870,Cookie,Sawl,csawlo5@163.com,Female,Velké Meziříčí,,72,160
871,Kyle,Ainslie,kainslieo6@altervista.org,Male,Villa Serrano,2009-05-19,107,188
872,Gordan,Fazan,gfazano7@instagram.com,Male,Sankui,2006-09-27,103,160
873,Gertruda,Penrith,gpenritho8@baidu.com,Female,,,58,191
874,Lem,Simondson,lsimondsono9@icq.com,Male,Motala,,,192
875,Joshua,Varley,jvarleyoa@google.pl,Male,Áno Merá,1941-05-11,,153
876,Taddeo,Benois,tbenoisob@etsy.com,Male,,,70,170
877,Adam,Marton,amartonoc@ibm.com,Male,Sukamahi Satu,,81,168
878,Johnna,Donaway,jdonawayod@home.pl,Female,,,61,179
879,Lazaro,Pipes,lpipesoe@jigsy.com,Male,Al Ḩumaydāt,1985-06-15,84,199
880,Quintin,Francois,qfrancoisof@networksolutions.com,Male,Chumphon Buri,1985-05-06,80,184
881,Bernarr,Landy,blandyog@harvard.edu,Male,,1960-08-21,98,154
882,Ancell,Bartoszek,,Male,Tabonoc,1943-03-18,74,168
883,Rosanna,Meake,rmeakeoi@cyberchimps.com,Female,Lingtou,1973-07-10,,185
884,Ruthy,Syplus,rsyplusoj@g.co,Female,,1968-04-27,98,172
885,Currey,Donalson,cdonalsonok@addthis.com,Male,Lhokkruet,1983-01-12,107,154
886,Sutherlan,Skeen,sskeenol@nih.gov,Male,Dubréka,1956-07-25,,171
887,Molli,Fazakerley,mfazakerleyom@youku.com,Female,Lisia Góra,1973-12-21,,175
888,Pernell,Childes,pchildeson@dion.ne.jp,Male,Dhromolaxia,1999-10-13,87,197
889,Granny,Oakly,goaklyoo@macromedia.com,Male,,,54,163
890,Jakie,Karadzas,jkaradzasop@friendfeed.com,,Tikhvin,,59,184
891,Venita,Reame,vreameoq@diigo.com,Female,Orimattila,1953-03-17,106,185
892,Cyndi,Kalisz,ckaliszor@hugedomains.com,Female,Sepolong Timur,1928-05-31,,185
893,Griselda,Barnhart,gbarnhartos@over-blog.com,Female,,,117,188
894,Worthington,Chasson,wchassonot@bravesites.com,Male,San Luis Jilotepeque,1977-08-12,77,177
895,Barbi,Lomaz,,Female,,1930-09-05,85,180
896,Cecilius,Beecroft,cbeecroftov@cbslocal.com,Male,,,81,156
897,Rhodia,Lawson,,Female,,,112,181
898,Alameda,Llewellyn,allewellynox@addthis.com,Female,Hualgayoc,,99,180
899,Gill,Robelow,grobelowoy@cocolog-nifty.com,Male,São Paio de Seide,1975-11-19,109,165
900,Cole,MacRannell,cmacrannelloz@cornell.edu,Male,Chumen,1996-07-21,72,180
901,Lucho,Woolcocks,lwoolcocksp0@bluehost.com,Male,Quxi,1949-01-23,74,198
902,Bertie,Kirkup,bkirkupp1@qq.com,Male,Dadamtu,,63,168
903,Odelia,Elkington,oelkingtonp2@home.pl,Female,Banyue,1989-06-03,68,171
904,Katha,McKenna,kmckennap3@sciencedaily.com,Female,Recife,,91,156
905,Levin,Mattingley,lmattingleyp4@washington.edu,Male,Mashui,1953-11-05,84,188
906,Hermine,Bosward,,Female,,1979-06-02,108,157
907,Skipper,Duthy,sduthyp6@java.com,Male,Gaula,1928-04-15,58,200
908,Saree,Madgwick,,Female,Chengnan,1991-12-17,,186
909,Ewen,Hellcat,ehellcatp8@java.com,Male,Shuanglong,,84,170
910,Brandea,Branno,bbrannop9@ca.gov,Female,Křižanov,1995-09-22,,182
911,Thor,Mahomet,tmahometpa@storify.com,Male,,1971-09-20,46,169
912,Amelina,Pilcher,apilcherpb@hud.gov,Female,Klutuk,,80,200
913,Ash,Battill,abattillpc@sogou.com,Male,,1979-09-01,82,153
914,Lory,Pelos,lpelospd@mayoclinic.com,Female,,,99,162
915,Kimmy,Flaune,kflaunepe@behance.net,Female,Xindu,,88,187
916,Barbra,Tupling,,Female,Honjō,1925-02-19,119,153
917,Humfried,Sturgeon,hsturgeonpg@mashable.com,Male,,,53,155
918,Ortensia,Springthorp,ospringthorpph@livejournal.com,Female,,1951-10-09,63,200
919,Margret,Rowet,mrowetpi@blog.com,Female,Taber,,118,150
920,Jaquenette,Scrivener,jscrivenerpj@trellian.com,Female,Socorro,,69,
921,Melvin,Jenyns,,Male,,,42,183
922,Mackenzie,Murrell,mmurrellpl@prlog.org,Male,Kuala Lumpur,,55,155
923,Ardis,Catanheira,,Female,Altan-Ovoo,,79,156
924,Warden,Egglestone,wegglestonepn@blogs.com,Male,Alibunan,1939-10-23,50,
925,Caty,Le Gall,,Female,,1962-11-18,66,189
926,Caprice,Oleshunin,coleshuninpp@dell.com,,Vargas,,103,172
927,Reine,Blade,rbladepq@xing.com,Female,Shibganj,,83,199
928,Hazel,Ewens,hewenspr@example.com,Female,Ḩarf al Musaytirah,,80,169
929,Nicko,Everwin,,Male,Gunungputri,,99,190
930,Sonny,Scheffler,sschefflerpt@homestead.com,Male,Frýdlant,,83,152
931,Roarke,Akam,rakampu@weather.com,Male,,,76,
932,Beverlee,Kubista,bkubistapv@reverbnation.com,Female,Piquillín,,66,186
933,Silvio,Southcombe,ssouthcombepw@seattletimes.com,Male,Murree,1972-09-07,,
934,Cary,Blueman,,,Pandangan Kulon,1941-06-21,,198
935,Doloritas,Ascraft,dascraftpy@japanpost.jp,Female,Pa Phayom,,80,190
936,Kristel,Oxnam,koxnampz@usda.gov,Female,Malabag,2002-09-30,119,196
937,Waverley,Hawker,whawkerq0@squarespace.com,Male,Pilníkov,,76,180
938,Karita,Phillimore,kphillimoreq1@51.la,Female,,1969-09-27,101,163
939,Beaufort,Falconer-Taylor,bfalconertaylorq2@macromedia.com,Male,,1949-02-22,66,150
940,Gert,Iacovelli,giacovelliq3@stanford.edu,Female,Glyadyanskoye,1990-03-06,51,195
941,Stevena,Danks,sdanksq4@shinystat.com,Female,,2000-09-09,52,152
942,Cassey,Pendrid,,Female,Nueva Italia,1929-06-13,83,158
943,Cathryn,Ellice,celliceq6@oaic.gov.au,Female,Huacao,1932-03-12,101,180
944,Robbie,Humphrys,rhumphrysq7@slashdot.org,Male,Sibiti,,96,150
945,Brynne,Piesold,bpiesoldq8@usatoday.com,,,2003-04-13,70,176
946,Nerte,Borrie,nborrieq9@seattletimes.com,Female,,2005-02-27,115,172
947,Sadella,Brewse,sbrewseqa@canalblog.com,Female,Iwatsuki,1924-03-29,,192
948,Rurik,Kittless,rkittlessqb@cyberchimps.com,Male,Campana,,,151
949,Allyn,Habberjam,,Female,Cabalaoangan,,57,199
950,Leodora,Mearns,lmearnsqd@hibu.com,Female,,1999-11-20,85,182
951,Nan,Tomek,ntomekqe@tinyurl.com,Female,Huashixia,,82,169
952,Tades,Warwicker,twarwickerqf@theglobeandmail.com,Male,Kuanda,,99,
953,Rustie,Larrad,rlarradqg@jiathis.com,Male,,1946-02-13,98,171
954,Elvyn,Kristufek,ekristufekqh@biblegateway.com,Male,,,114,176
955,Mela,Yelden,myeldenqi@netvibes.com,Female,,1945-10-02,120,180
956,Laverne,Rodmell,lrodmellqj@geocities.jp,Female,Färgelanda,,110,
957,Benedicto,McIntosh,bmcintoshqk@jimdo.com,Male,Yangqiao,,59,174
958,Ruthi,Edmonstone,,Female,Limenária,,105,195
959,Iver,Lambertson,,Male,Zdolbuniv,,75,
960,Chelsie,Kasperski,ckasperskiqn@biglobe.ne.jp,Female,Deir Ḥannā,1957-06-06,,187
961,Zaria,Balle,zballeqo@prlog.org,Female,Shigongqiao,1996-01-21,,151
962,Meade,Darlow,,Male,Nizhniy Dzhengutay,,59,155
963,Bree,Gayther,,Female,Guia,,81,190
964,Roanna,Hardaway,rhardawayqr@eventbrite.com,Female,Wageningen,1940-09-24,89,165
965,Keriann,Tuite,ktuiteqs@walmart.com,Female,Tuxi,1934-10-01,104,174
966,Brynn,Rycroft,,Female,Mayskiy,1978-09-14,48,154
967,Ailbert,Dysart,adysartqu@kickstarter.com,Male,Xizhong,1949-10-22,63,187
968,Marie,Vinsen,mvinsenqv@patch.com,Female,Longuita,,92,176
969,Fidelia,Merriment,fmerrimentqw@google.com.hk,Female,Zhufo,1951-12-11,,186
970,Ulrick,Edgerly,uedgerlyqx@technorati.com,Male,Yanqi,1933-11-09,44,
971,Nan,Rising,,Female,Bazar-Korgon,1980-12-27,112,
972,Farlee,Stainsby,fstainsbyqz@deliciousdays.com,Male,Lishui,,73,161
973,Krystyna,Jayume,kjayumer0@china.com.cn,Female,San Juan de los Morros,,55,174
974,Dulcia,Bywaters,,Female,Erba,1977-07-29,113,199
975,Dione,Balasin,,Female,Samut Songkhram,1979-02-10,99,196
976,Wylma,Bernon,wbernonr3@dagondesign.com,Female,,1967-08-10,60,200
977,De witt,O'Brien,,Male,Rizó,,74,175
978,Willy,Orgel,worgelr5@multiply.com,Female,Jetis,1928-08-12,86,169
979,Alayne,Brann,abrannr6@sbwire.com,Female,,1952-05-10,96,163
980,Eachelle,Prydden,,Female,Jiantiao,1955-09-29,63,
981,Cairistiona,Challes,cchallesr8@sphinn.com,Female,,1930-05-19,,199
982,Oona,Kupker,okupkerr9@foxnews.com,Female,Cicuco,,84,163
983,Syman,Hegdonne,shegdonnera@nih.gov,Male,,1960-07-26,52,154
984,Lenore,Carncross,,Female,,1989-01-01,85,190
985,Benoit,Dibble,bdibblerc@unc.edu,Male,,,,165
986,Margi,Massingham,mmassinghamrd@skyrock.com,Female,Pasirputih,1935-07-12,,198
987,Adriana,MacCardle,amaccardlere@bloglovin.com,Female,,,85,183
988,Tracee,McKniely,tmcknielyrf@jalbum.net,Female,Krajan Keboromo,,59,199
989,Bell,Fawlo,,Female,,,43,180
990,Alberto,McAllaster,,Male,Malvas,1974-01-03,114,
991,Derick,Bastow,dbastowri@gravatar.com,Male,Fukuyama,1997-12-29,57,182
992,Neale,Rosendall,nrosendallrj@bloglines.com,Male,Machagai,,54,199
993,Malynda,Schowenburg,mschowenburgrk@comcast.net,Female,Carig,,77,171
994,Farrand,Harms,fharmsrl@acquirethisname.com,,,,89,175
995,Nickolas,Buckingham,nbuckinghamrm@edublogs.org,Male,Potchefstroom,2006-09-11,70,190
996,Ev,MacGrath,emacgrathrn@nyu.edu,Male,Danyang,,58,
997,Jackqueline,Fleg,jflegro@yale.edu,Female,,1977-04-12,,180
998,Sunshine,Brierly,sbrierlyrp@narod.ru,Female,,,113,156
999,Lorilee,Stanman,lstanmanrq@cnbc.com,Female,Maloarkhangel’sk,1965-11-29,48,185
1000,Eustacia,Fullard,efullardrr@opensource.org,Female,Trashigang,1954-10-06,62,179
